PassengerId,Survived,Pclass,Age,SibSp,Parch,Fare,Embarked_C,Embarked_Q,Embarked_S,Sex_female,Sex_male
1,0,3,0.2711736617240512,0.125,0.0,0.014151057562208049,False,False,True,False,True
2,1,1,0.4722292033174164,0.125,0.0,0.13913573538264068,True,False,False,True,False
3,1,3,0.32143754712239253,0.0,0.0,0.015468569817999833,False,False,True,True,False
4,1,1,0.4345312892686604,0.125,0.0,0.10364429745562033,False,False,True,True,False
5,0,3,0.4345312892686604,0.0,0.0,0.015712553569072387,False,False,True,False,True
6,0,3,0.34656948982156316,0.0,0.0,0.01650950209357577,False,True,False,False,True
7,0,1,0.6732847449107816,0.0,0.0,0.10122885832000206,False,False,True,False,True
8,0,3,0.01985423473234481,0.375,0.16666666666666666,0.04113566043083236,False,False,True,False,True
9,1,3,0.33400351847197784,0.0,0.3333333333333333,0.021730754366528396,False,False,True,True,False
10,1,2,0.17064589092736868,0.125,0.0,0.058694292654020104,True,False,False,True,False
11,1,3,0.04498617743151546,0.125,0.16666666666666666,0.03259622914329302,False,False,True,True,False
12,1,1,0.723548630309123,0.0,0.0,0.051822148727810165,False,False,True,True,False
13,0,3,0.24604171902488062,0.0,0.0,0.015712553569072387,False,False,True,False,True
14,0,3,0.4847951746670017,0.125,0.8333333333333333,0.06104473451835265,False,False,True,False,True
15,0,3,0.17064589092736868,0.0,0.0,0.015330377421392339,False,False,True,True,False
16,1,2,0.685850716260367,0.0,0.0,0.03122992013728673,False,False,True,True,False
17,0,3,0.01985423473234481,0.5,0.16666666666666666,0.05684821399990475,False,True,False,False,True
18,1,2,0.34656948982156316,0.0,0.0,0.025374310111545468,False,False,True,False,True
19,0,3,0.38426740387031916,0.125,0.0,0.03513366015444757,False,False,True,True,False
20,1,3,0.34656948982156316,0.0,0.0,0.014102260811993537,True,False,False,True,False
21,0,2,0.4345312892686604,0.0,0.0,0.050748620223090936,False,False,True,False,True
22,1,2,0.4219653179190751,0.0,0.0,0.025374310111545468,False,False,True,False,True
23,1,3,0.18321186227695402,0.0,0.0,0.015671954672893913,False,True,False,True,False
24,1,1,0.34656948982156316,0.0,0.0,0.06929138530460494,False,False,True,False,True
25,0,3,0.09525006282985675,0.375,0.16666666666666666,0.04113566043083236,False,False,True,True,False
26,1,3,0.4722292033174164,0.125,0.8333333333333333,0.06126431989431795,False,False,True,True,False
27,0,3,0.34656948982156316,0.0,0.0,0.014102260811993537,True,False,False,False,True
28,0,1,0.2334757476752953,0.375,0.3333333333333333,0.5133418122566507,False,False,True,False,True
29,1,3,0.34656948982156316,0.0,0.0,0.01537917417160685,False,True,False,True,False
30,0,3,0.34656948982156316,0.0,0.0,0.015411575213749286,False,False,True,False,True
31,0,1,0.49736114601658704,0.0,0.0,0.05410739813385612,True,False,False,False,True
32,1,1,0.34656948982156316,0.125,0.0,0.2859895551532101,True,False,False,True,False
33,1,3,0.34656948982156316,0.0,0.0,0.015126992566498259,False,True,False,True,False
34,0,2,0.8240764011058055,0.0,0.0,0.020494635090094415,False,False,True,False,True
35,0,1,0.34656948982156316,0.125,0.0,0.16038672010106003,True,False,False,False,True
36,0,1,0.5224930887157577,0.125,0.0,0.10149724044618187,False,False,True,False,True
37,1,3,0.34656948982156316,0.0,0.0,0.014110458666029575,True,False,False,False,True
38,0,3,0.2586076903744659,0.0,0.0,0.015712553569072387,False,False,True,False,True
39,0,3,0.22090977632571,0.25,0.0,0.03513366015444757,False,False,True,True,False
40,1,3,0.17064589092736868,0.125,0.0,0.021942337075458514,True,False,False,True,False
41,0,3,0.49736114601658704,0.125,0.0,0.018493968331299484,False,False,True,True,False
42,0,2,0.33400351847197784,0.125,0.0,0.04098927018018883,False,False,True,True,False
43,0,3,0.34656948982156316,0.0,0.0,0.015411575213749286,True,False,False,False,True
44,1,2,0.032420206081930136,0.125,0.3333333333333333,0.08115719346076702,True,False,False,True,False
45,1,3,0.2334757476752953,0.0,0.0,0.01537917417160685,False,True,False,True,False
46,0,3,0.34656948982156316,0.0,0.0,0.015712553569072387,False,False,True,False,True
47,0,3,0.34656948982156316,0.125,0.0,0.030253985132996517,False,True,False,False,True
48,1,3,0.34656948982156316,0.0,0.0,0.015126992566498259,False,True,False,True,False
49,0,3,0.34656948982156316,0.25,0.0,0.04231498029001666,True,False,False,False,True
50,0,3,0.22090977632571,0.125,0.0,0.034743286152731485,False,False,True,True,False
51,0,3,0.08268409148027142,0.5,0.16666666666666666,0.07746484096553544,False,False,True,False,True
52,0,3,0.2586076903744659,0.0,0.0,0.01522458606692728,False,False,True,False,True
53,1,1,0.610454888162855,0.125,0.0,0.1497654242623688,True,False,False,True,False
54,1,2,0.35913546117114853,0.125,0.0,0.050748620223090936,False,False,True,True,False
55,0,1,0.8115104297562202,0.0,0.16666666666666666,0.1209753416358076,True,False,False,False,True
56,1,1,0.34656948982156316,0.0,0.0,0.06929138530460494,False,False,True,False,True
57,1,2,0.2586076903744659,0.0,0.0,0.020494635090094415,False,False,True,True,False
58,0,3,0.35285247549635584,0.0,0.0,0.014110458666029575,True,False,False,False,True
59,1,2,0.05755214878110078,0.125,0.3333333333333333,0.05416439273810667,False,False,True,True,False
60,0,3,0.1329479768786127,0.625,0.3333333333333333,0.09154270340242172,False,False,True,False,True
61,0,3,0.2711736617240512,0.0,0.0,0.014110458666029575,True,False,False,False,True
63,0,1,0.5601910027645137,0.125,0.0,0.16293234896625058,False,False,True,False,True
64,0,3,0.04498617743151546,0.375,0.3333333333333333,0.05445717323939373,False,False,True,False,True
65,0,1,0.34656948982156316,0.0,0.0,0.05410739813385612,True,False,False,False,True
66,1,3,0.34656948982156316,0.125,0.16666666666666666,0.029757819776815374,True,False,False,False,True
67,1,2,0.35913546117114853,0.0,0.0,0.020494635090094415,False,False,True,True,False
68,0,3,0.2334757476752953,0.0,0.0,0.015923941091001644,False,False,True,False,True
69,1,3,0.20834380497612465,0.5,0.3333333333333333,0.015468569817999833,False,False,True,True,False
70,0,3,0.32143754712239253,0.25,0.0,0.016908073949327893,False,False,True,False,True
71,0,2,0.39683337521990447,0.0,0.0,0.020494635090094415,False,False,True,False,True
72,0,3,0.19577783362653933,0.625,0.3333333333333333,0.09154270340242172,False,False,True,True,False
73,0,2,0.2586076903744659,0.0,0.0,0.1434624456306609,False,False,True,False,True
74,0,3,0.32143754712239253,0.125,0.0,0.028212719478023115,True,False,False,False,True
75,1,3,0.39683337521990447,0.0,0.0,0.11027245763075773,False,False,True,False,True
76,0,3,0.3088715757728072,0.0,0.0,0.014931805565640218,False,False,True,False,True
77,0,3,0.34656948982156316,0.0,0.0,0.015411575213749286,False,False,True,False,True
78,0,3,0.34656948982156316,0.0,0.0,0.015712553569072387,False,False,True,False,True
79,1,2,0.005152048253329982,0.0,0.3333333333333333,0.056604230248832196,False,False,True,False,True
80,1,3,0.37170143252073384,0.0,0.0,0.024349578357040744,False,False,True,True,False
81,0,3,0.2711736617240512,0.0,0.0,0.017566830077223785,False,False,True,False,True
82,1,3,0.35913546117114853,0.0,0.0,0.018542765081513996,False,False,True,False,True
83,1,3,0.34656948982156316,0.0,0.0,0.015200187691820024,False,True,False,True,False
84,0,1,0.34656948982156316,0.0,0.0,0.09193307740413781,False,False,True,False,True
85,1,2,0.20834380497612465,0.0,0.0,0.020494635090094415,False,False,True,True,False
86,1,3,0.4093993465694898,0.375,0.0,0.030937139635999665,False,False,True,True,False
87,0,3,0.19577783362653933,0.125,0.5,0.06709553154495196,False,False,True,False,True
88,0,3,0.34656948982156316,0.0,0.0,0.015712553569072387,False,False,True,False,True
89,1,1,0.2837396330736366,0.375,0.3333333333333333,0.5133418122566507,False,False,True,True,False
90,0,3,0.2963056044232219,0.0,0.0,0.015712553569072387,False,False,True,False,True
91,0,3,0.35913546117114853,0.0,0.0,0.015712553569072387,False,False,True,False,True
92,0,3,0.24604171902488062,0.0,0.0,0.015330377421392339,False,False,True,False,True
93,0,1,0.5727569741140991,0.125,0.0,0.11940564777490723,False,False,True,False,True
94,0,3,0.32143754712239253,0.125,0.3333333333333333,0.04015972542654215,False,False,True,False,True
95,0,3,0.7361146016587082,0.0,0.0,0.014151057562208049,False,False,True,False,True
96,0,3,0.34656948982156316,0.0,0.0,0.015712553569072387,False,False,True,False,True
97,0,1,0.8869062578537321,0.0,0.0,0.06764049365134761,True,False,False,False,True
98,1,1,0.2837396330736366,0.0,0.16666666666666666,0.12366716556464086,True,False,False,False,True
99,1,2,0.4219653179190751,0.0,0.16666666666666666,0.044893010197349675,False,False,True,True,False
100,0,2,0.4219653179190751,0.125,0.0,0.050748620223090936,False,False,True,False,True
101,0,3,0.34656948982156316,0.0,0.0,0.015411575213749286,False,False,True,True,False
102,0,3,0.34656948982156316,0.0,0.0,0.015411575213749286,False,False,True,False,True
103,0,1,0.2586076903744659,0.0,0.16666666666666666,0.15085515328815924,False,False,True,False,True
104,0,3,0.4093993465694898,0.0,0.0,0.016891873428256675,False,False,True,False,True
105,0,3,0.4596632319678311,0.25,0.0,0.015468569817999833,False,False,True,False,True
106,0,3,0.34656948982156316,0.0,0.0,0.015411575213749286,False,False,True,False,True
107,1,3,0.2586076903744659,0.0,0.0,0.014931805565640218,False,False,True,True,False
108,1,3,0.34656948982156316,0.0,0.0,0.015175789316712771,False,False,True,False,True
109,0,3,0.4722292033174164,0.0,0.0,0.015411575213749286,False,False,True,False,True
110,1,3,0.34656948982156316,0.125,0.0,0.04713766070721715,False,True,False,True,False
111,0,1,0.5853229454636844,0.0,0.0,0.10149724044618187,False,False,True,False,True
112,0,3,0.17692887660216136,0.125,0.0,0.028212719478023115,True,False,False,True,False
113,0,3,0.2711736617240512,0.0,0.0,0.015712553569072387,False,False,True,False,True
114,0,3,0.24604171902488062,0.125,0.0,0.019177122834302632,False,False,True,True,False
115,0,3,0.20834380497612465,0.0,0.0,0.028220722145058292,True,False,False,True,False
116,0,3,0.2586076903744659,0.0,0.0,0.015468569817999833,False,False,True,False,True
117,0,3,0.8806232721789394,0.0,0.0,0.015126992566498259,False,True,False,False,True
118,0,2,0.35913546117114853,0.125,0.0,0.04098927018018883,False,False,True,False,True
119,0,1,0.2963056044232219,0.0,0.16666666666666666,0.4831284260198326,True,False,False,False,True
120,0,3,0.01985423473234481,0.5,0.3333333333333333,0.06104473451835265,False,False,True,True,False
121,0,2,0.2586076903744659,0.25,0.0,0.1434624456306609,False,False,True,False,True
122,0,3,0.34656948982156316,0.0,0.0,0.015712553569072387,False,False,True,False,True
123,0,2,0.40311636089469716,0.125,0.0,0.058694292654020104,True,False,False,False,True
124,1,2,0.40311636089469716,0.0,0.0,0.025374310111545468,False,False,True,True,False
125,0,1,0.6732847449107816,0.0,0.16666666666666666,0.15085515328815924,False,False,True,False,True
126,1,3,0.14551394822819805,0.125,0.0,0.021942337075458514,True,False,False,False,True
127,0,3,0.34656948982156316,0.0,0.0,0.015126992566498259,False,True,False,False,True
128,1,3,0.2963056044232219,0.0,0.0,0.01393967004027879,False,False,True,False,True
129,1,3,0.34656948982156316,0.125,0.16666666666666666,0.04364049521284362,True,False,False,True,False
130,0,3,0.5601910027645137,0.0,0.0,0.013614293309848433,False,False,True,False,True
131,0,3,0.4093993465694898,0.0,0.0,0.015411575213749286,True,False,False,False,True
132,0,3,0.24604171902488062,0.0,0.0,0.013760683560491965,False,False,True,False,True
133,0,3,0.5853229454636844,0.125,0.0,0.028302115124416098,False,False,True,True,False
134,1,2,0.35913546117114853,0.125,0.0,0.050748620223090936,False,False,True,True,False
135,0,2,0.3088715757728072,0.0,0.0,0.025374310111545468,False,False,True,False,True
136,0,2,0.2837396330736366,0.0,0.0,0.02936744577509929,True,False,False,False,True
137,1,1,0.2334757476752953,0.0,0.3333333333333333,0.051301584996521765,False,False,True,True,False
138,0,1,0.4596632319678311,0.125,0.0,0.10364429745562033,False,False,True,False,True
139,0,3,0.19577783362653933,0.0,0.0,0.01798980030808316,False,False,True,False,True
140,0,1,0.2963056044232219,0.0,0.0,0.15458810467956932,True,False,False,False,True
141,0,3,0.34656948982156316,0.0,0.3333333333333333,0.029757819776815374,True,False,False,True,False
142,1,3,0.2711736617240512,0.0,0.0,0.015126992566498259,False,False,True,True,False
143,1,3,0.2963056044232219,0.125,0.0,0.030937139635999665,False,False,True,True,False
144,0,3,0.2334757476752953,0.0,0.0,0.013175122557917838,False,True,False,False,True
145,0,2,0.22090977632571,0.0,0.0,0.022446505098674838,False,False,True,False,True
146,0,2,0.2334757476752953,0.125,0.16666666666666666,0.07173122281533045,False,False,True,False,True
147,1,3,0.33400351847197784,0.0,0.0,0.015216388212891242,False,False,True,False,True
148,0,3,0.10781603417944208,0.25,0.3333333333333333,0.06709553154495196,False,False,True,True,False
149,0,2,0.4533802462930384,0.0,0.3333333333333333,0.050748620223090936,False,False,True,False,True
150,0,2,0.5224930887157577,0.0,0.0,0.025374310111545468,False,False,True,False,True
151,0,2,0.6355868308620256,0.0,0.0,0.02444717185746977,False,False,True,False,True
152,1,1,0.2711736617240512,0.125,0.0,0.12999454257145598,False,False,True,True,False
153,0,3,0.6921337019351597,0.0,0.0,0.015712553569072387,False,False,True,False,True
154,0,3,0.5036441316913798,0.0,0.3333333333333333,0.028302115124416098,False,False,True,False,True
155,0,3,0.34656948982156316,0.0,0.0,0.014273049437744325,False,False,True,False,True
156,0,1,0.6355868308620256,0.0,0.16666666666666666,0.11980421963065935,True,False,False,False,True
157,1,3,0.19577783362653933,0.0,0.0,0.015094396337354966,False,True,False,True,False
158,0,3,0.37170143252073384,0.0,0.0,0.015712553569072387,False,False,True,False,True
159,0,3,0.34656948982156316,0.0,0.0,0.016908073949327893,False,False,True,False,True
160,0,3,0.34656948982156316,1.0,0.3333333333333333,0.13575255909676825,False,False,True,False,True
161,0,3,0.5476250314149284,0.0,0.16666666666666666,0.031425107138144774,False,False,True,False,True
162,1,2,0.49736114601658704,0.0,0.0,0.030741952635141623,False,False,True,True,False
163,0,3,0.32143754712239253,0.0,0.0,0.015175789316712771,False,False,True,False,True
164,0,3,0.20834380497612465,0.0,0.0,0.016908073949327893,False,False,True,False,True
165,0,3,0.007288263382759488,0.5,0.16666666666666666,0.07746484096553544,False,False,True,False,True
166,1,3,0.10781603417944208,0.0,0.3333333333333333,0.04006213192611313,False,False,True,False,True
167,1,1,0.34656948982156316,0.0,0.16666666666666666,0.10735285047192313,False,False,True,True,False
168,0,3,0.5601910027645137,0.125,0.6666666666666666,0.05445717323939373,False,False,True,True,False
169,0,1,0.34656948982156316,0.0,0.0,0.050602229972447406,False,False,True,False,True
170,0,3,0.34656948982156316,0.0,0.0,0.11027245763075773,False,False,True,False,True
171,0,1,0.7612465443578789,0.0,0.0,0.06538764528744409,False,False,True,False,True
172,0,3,0.04498617743151546,0.5,0.16666666666666666,0.05684821399990475,False,True,False,False,True
173,1,3,0.007288263382759488,0.125,0.16666666666666666,0.021730754366528396,False,False,True,True,False
174,0,3,0.2586076903744659,0.0,0.0,0.015468569817999833,False,False,True,False,True
175,0,1,0.6984166876099522,0.0,0.0,0.05991421140938287,True,False,False,False,True
176,0,3,0.22090977632571,0.125,0.16666666666666666,0.015330377421392339,False,False,True,False,True
177,0,3,0.34656948982156316,0.375,0.16666666666666666,0.049707687947515,False,False,True,False,True
178,0,1,0.6230208595124404,0.0,0.0,0.05604306762136532,True,False,False,True,False
179,0,2,0.37170143252073384,0.0,0.0,0.025374310111545468,False,False,True,False,True
180,0,3,0.4470972606182458,0.0,0.0,0.0,False,False,True,False,True
181,0,3,0.34656948982156316,1.0,0.3333333333333333,0.13575255909676825,False,False,True,True,False
182,0,2,0.34656948982156316,0.0,0.0,0.02937564362913533,True,False,False,False,True
183,0,3,0.10781603417944208,0.5,0.3333333333333333,0.06126431989431795,False,False,True,False,True
184,1,2,0.007288263382759488,0.25,0.16666666666666666,0.07612293033463641,False,False,True,False,True
185,1,3,0.04498617743151546,0.0,0.3333333333333333,0.04298993693898376,False,False,True,True,False
186,0,1,0.34656948982156316,0.0,0.0,0.09759350042902103,False,False,True,False,True
187,1,3,0.34656948982156316,0.125,0.0,0.030253985132996517,False,True,False,True,False
188,1,1,0.5601910027645137,0.0,0.0,0.051822148727810165,False,False,True,False,True
189,0,3,0.49736114601658704,0.125,0.16666666666666666,0.030253985132996517,False,True,False,False,True
190,0,3,0.4470972606182458,0.0,0.0,0.015411575213749286,False,False,True,False,True
191,1,2,0.39683337521990447,0.0,0.0,0.025374310111545468,False,False,True,True,False
192,0,2,0.2334757476752953,0.0,0.0,0.025374310111545468,False,False,True,False,True
193,1,3,0.2334757476752953,0.125,0.0,0.015330377421392339,False,False,True,True,False
194,1,2,0.032420206081930136,0.125,0.16666666666666666,0.050748620223090936,False,False,True,False,True
195,1,1,0.5476250314149284,0.0,0.0,0.05410739813385612,True,False,False,True,False
196,1,1,0.723548630309123,0.0,0.0,0.2859895551532101,True,False,False,True,False
197,0,3,0.34656948982156316,0.0,0.0,0.015126992566498259,False,True,False,False,True
198,0,3,0.5224930887157577,0.0,0.16666666666666666,0.01640390592611157,False,False,True,False,True
199,1,3,0.34656948982156316,0.0,0.0,0.015126992566498259,False,True,False,True,False
200,0,2,0.2963056044232219,0.0,0.0,0.025374310111545468,False,False,True,True,False
201,0,3,0.34656948982156316,0.0,0.0,0.018542765081513996,False,False,True,False,True
202,0,3,0.34656948982156316,1.0,0.3333333333333333,0.13575255909676825,False,False,True,False,True
203,0,3,0.4219653179190751,0.0,0.0,0.012678957201736696,False,False,True,False,True
204,0,3,0.5664739884393064,0.0,0.0,0.014102260811993537,True,False,False,False,True
205,1,3,0.22090977632571,0.0,0.0,0.015712553569072387,False,False,True,False,True
206,0,3,0.01985423473234481,0.0,0.16666666666666666,0.02042143996477265,False,False,True,True,False
207,0,3,0.39683337521990447,0.125,0.0,0.030937139635999665,False,False,True,False,True
208,1,3,0.32143754712239253,0.0,0.0,0.036670757786204655,True,False,False,False,True
209,1,3,0.19577783362653933,0.0,0.0,0.015126992566498259,False,True,False,True,False
210,1,1,0.49736114601658704,0.0,0.0,0.060507970265993034,True,False,False,False,True
211,0,3,0.2963056044232219,0.0,0.0,0.013760683560491965,False,False,True,False,True
212,1,2,0.4345312892686604,0.0,0.0,0.04098927018018883,False,False,True,True,False
213,0,3,0.2711736617240512,0.0,0.0,0.014151057562208049,False,False,True,False,True
214,0,2,0.37170143252073384,0.0,0.0,0.025374310111545468,False,False,True,False,True
215,0,3,0.34656948982156316,0.125,0.0,0.015126992566498259,False,True,False,False,True
216,1,1,0.38426740387031916,0.125,0.0,0.22109807522194713,True,False,False,True,False
217,1,3,0.33400351847197784,0.0,0.0,0.015468569817999833,False,False,True,True,False
218,0,2,0.5224930887157577,0.125,0.0,0.05270049023167135,False,False,True,False,True
219,1,1,0.39683337521990447,0.0,0.0,0.14891148113361488,True,False,False,True,False
220,0,2,0.37170143252073384,0.0,0.0,0.020494635090094415,False,False,True,False,True
221,1,3,0.19577783362653933,0.0,0.0,0.015712553569072387,False,False,True,False,True
222,0,2,0.33400351847197784,0.0,0.0,0.025374310111545468,False,False,True,False,True
223,0,3,0.6355868308620256,0.0,0.0,0.015712553569072387,False,False,True,False,True
224,0,3,0.34656948982156316,0.0,0.0,0.015411575213749286,False,False,True,False,True
225,1,1,0.4722292033174164,0.125,0.0,0.17566830077223786,False,False,True,False,True
226,0,3,0.2711736617240512,0.0,0.0,0.018249984580226933,False,False,True,False,True
227,1,2,0.2334757476752953,0.0,0.0,0.020494635090094415,False,False,True,False,True
228,0,3,0.2523247046996733,0.0,0.0,0.014151057562208049,False,False,True,False,True
229,0,2,0.22090977632571,0.0,0.0,0.025374310111545468,False,False,True,False,True
230,0,3,0.34656948982156316,0.375,0.16666666666666666,0.049707687947515,False,False,True,True,False
231,1,1,0.4345312892686604,0.125,0.0,0.16293234896625058,False,False,True,True,False
232,0,3,0.35913546117114853,0.0,0.0,0.015175789316712771,False,False,True,False,True
233,0,2,0.7361146016587082,0.0,0.0,0.026350245115835676,False,False,True,False,True
234,1,3,0.05755214878110078,0.5,0.3333333333333333,0.06126431989431795,False,False,True,True,False
235,0,2,0.2963056044232219,0.0,0.0,0.020494635090094415,False,False,True,False,True
236,0,3,0.34656948982156316,0.0,0.0,0.014736618564782174,False,False,True,True,False
237,0,2,0.5476250314149284,0.125,0.0,0.050748620223090936,False,False,True,False,True
238,1,2,0.09525006282985675,0.0,0.3333333333333333,0.05123658772523604,False,False,True,True,False
239,0,2,0.2334757476752953,0.0,0.0,0.020494635090094415,False,False,True,False,True
240,0,2,0.4093993465694898,0.0,0.0,0.023959204355324663,False,False,True,False,True
241,0,3,0.34656948982156316,0.125,0.0,0.028212719478023115,True,False,False,True,False
242,1,3,0.34656948982156316,0.125,0.0,0.030253985132996517,False,True,False,True,False
243,0,2,0.35913546117114853,0.0,0.0,0.020494635090094415,False,False,True,False,True
244,0,3,0.2711736617240512,0.0,0.0,0.013907073811135496,False,False,True,False,True
245,0,3,0.37170143252073384,0.0,0.0,0.014102260811993537,True,False,False,False,True
246,0,1,0.5476250314149284,0.25,0.0,0.17566830077223786,False,True,False,False,True
247,0,3,0.3088715757728072,0.0,0.0,0.015175789316712771,False,False,True,True,False
248,1,2,0.2963056044232219,0.0,0.3333333333333333,0.028302115124416098,False,False,True,True,False
249,1,1,0.4596632319678311,0.125,0.16666666666666666,0.10257896680493714,False,False,True,False,True
250,0,2,0.6732847449107816,0.125,0.0,0.050748620223090936,False,False,True,False,True
251,0,3,0.34656948982156316,0.0,0.0,0.014151057562208049,False,False,True,False,True
252,0,3,0.35913546117114853,0.125,0.16666666666666666,0.02042143996477265,False,False,True,True,False
253,0,1,0.7738125157074642,0.0,0.0,0.051822148727810165,False,False,True,False,True
254,0,3,0.37170143252073384,0.125,0.0,0.031425107138144774,False,False,True,False,True
255,0,3,0.5099271173661725,0.0,0.3333333333333333,0.039452172548431745,False,False,True,True,False
256,1,3,0.35913546117114853,0.0,0.3333333333333333,0.029757819776815374,True,False,False,True,False
257,1,1,0.34656948982156316,0.0,0.0,0.15458810467956932,True,False,False,True,False
258,1,1,0.37170143252073384,0.0,0.0,0.16883675574220638,False,False,True,True,False
259,1,1,0.4345312892686604,0.0,0.0,1.0,True,False,False,True,False
260,1,2,0.6230208595124404,0.0,0.16666666666666666,0.050748620223090936,False,False,True,True,False
261,0,3,0.34656948982156316,0.0,0.0,0.015126992566498259,False,True,False,False,True
262,1,3,0.032420206081930136,0.5,0.3333333333333333,0.06126431989431795,False,False,True,False,True
263,0,1,0.648152802211611,0.125,0.16666666666666666,0.1554664461834305,False,False,True,False,True
264,0,1,0.49736114601658704,0.0,0.0,0.0,False,False,True,False,True
265,0,3,0.34656948982156316,0.0,0.0,0.015126992566498259,False,True,False,True,False
266,0,2,0.4470972606182458,0.0,0.0,0.020494635090094415,False,False,True,False,True
267,0,3,0.19577783362653933,0.5,0.16666666666666666,0.07746484096553544,False,False,True,False,True
268,1,3,0.3088715757728072,0.125,0.0,0.015175789316712771,False,False,True,False,True
269,1,1,0.723548630309123,0.0,0.16666666666666666,0.2995388511917728,False,False,True,True,False
270,1,1,0.4345312892686604,0.0,0.0,0.2647385704347907,False,False,True,True,False
271,0,1,0.34656948982156316,0.0,0.0,0.060507970265993034,False,False,True,False,True
272,1,3,0.3088715757728072,0.0,0.0,0.0,False,False,True,False,True
273,1,2,0.5099271173661725,0.0,0.16666666666666666,0.038061465167318204,False,False,True,True,False
274,0,1,0.4596632319678311,0.0,0.16666666666666666,0.057970539254838485,True,False,False,False,True
275,1,3,0.34656948982156316,0.0,0.0,0.015126992566498259,False,True,False,True,False
276,1,1,0.7863784870570495,0.125,0.0,0.15216446768991498,False,False,True,True,False
277,0,3,0.5601910027645137,0.0,0.0,0.015126992566498259,False,False,True,True,False
278,0,2,0.34656948982156316,0.0,0.0,0.0,False,False,True,False,True
279,0,3,0.08268409148027142,0.5,0.16666666666666666,0.05684821399990475,False,True,False,False,True
280,1,3,0.4345312892686604,0.125,0.16666666666666666,0.03952536767375352,False,False,True,True,False
281,0,3,0.8115104297562202,0.0,0.0,0.015126992566498259,False,True,False,False,True
282,0,3,0.34656948982156316,0.0,0.0,0.015330377421392339,False,False,True,False,True
283,0,3,0.19577783362653933,0.0,0.0,0.018542765081513996,False,False,True,False,True
284,1,3,0.2334757476752953,0.0,0.0,0.015712553569072387,False,False,True,False,True
285,0,1,0.34656948982156316,0.0,0.0,0.050748620223090936,False,False,True,False,True
286,0,3,0.4093993465694898,0.0,0.0,0.016908073949327893,True,False,False,False,True
287,1,3,0.37170143252073384,0.0,0.0,0.018542765081513996,False,False,True,False,True
288,0,3,0.2711736617240512,0.0,0.0,0.015411575213749286,False,False,True,False,True
289,1,2,0.5224930887157577,0.0,0.0,0.025374310111545468,False,False,True,False,True
290,1,3,0.2711736617240512,0.0,0.0,0.015126992566498259,False,True,False,True,False
291,1,1,0.32143754712239253,0.0,0.0,0.15390495017656614,False,False,True,True,False
292,1,1,0.2334757476752953,0.125,0.0,0.17777475888549785,True,False,False,True,False
293,0,2,0.4470972606182458,0.0,0.0,0.025130326360472913,True,False,False,False,True
294,0,3,0.2963056044232219,0.0,0.0,0.01727404957593672,False,False,True,True,False
295,0,3,0.2963056044232219,0.0,0.0,0.015411575213749286,False,False,True,False,True
296,0,1,0.34656948982156316,0.0,0.0,0.05410739813385612,True,False,False,False,True
297,0,3,0.2900226187484292,0.0,0.0,0.014110458666029575,True,False,False,False,True
298,0,1,0.01985423473234481,0.125,0.3333333333333333,0.29580589980036276,False,False,True,True,False
299,1,1,0.34656948982156316,0.0,0.0,0.05953203526170282,False,False,True,False,True
300,1,1,0.6230208595124404,0.0,0.16666666666666666,0.4831284260198326,True,False,False,True,False
301,1,3,0.34656948982156316,0.0,0.0,0.015126992566498259,False,True,False,True,False
302,1,3,0.34656948982156316,0.25,0.0,0.04538097769949478,False,True,False,False,True
303,0,3,0.2334757476752953,0.0,0.0,0.0,False,False,True,False,True
304,1,2,0.34656948982156316,0.0,0.0,0.024105594605968193,False,True,False,True,False
305,0,3,0.34656948982156316,0.0,0.0,0.015712553569072387,False,False,True,False,True
306,1,1,0.006282985674792663,0.125,0.3333333333333333,0.29580589980036276,False,False,True,False,True
307,1,1,0.34656948982156316,0.0,0.0,0.21642978772242535,True,False,False,True,False
308,1,1,0.20834380497612465,0.125,0.0,0.2125586439344078,True,False,False,True,False
309,0,2,0.37170143252073384,0.125,0.0,0.04684488020593009,True,False,False,False,True
310,1,1,0.37170143252073384,0.0,0.0,0.11111839809247648,True,False,False,True,False
311,1,1,0.2963056044232219,0.0,0.0,0.16231419173453318,True,False,False,True,False
312,1,1,0.22090977632571,0.25,0.3333333333333333,0.5121218935012878,True,False,False,True,False
313,0,2,0.32143754712239253,0.125,0.16666666666666666,0.050748620223090936,False,False,True,True,False
314,0,3,0.34656948982156316,0.0,0.0,0.015411575213749286,False,False,True,False,True
315,0,2,0.5350590600653431,0.125,0.16666666666666666,0.05123658772523604,False,False,True,False,True
316,1,3,0.32143754712239253,0.0,0.0,0.015330377421392339,False,False,True,True,False
317,1,2,0.2963056044232219,0.125,0.0,0.050748620223090936,False,False,True,True,False
318,0,2,0.6732847449107816,0.0,0.0,0.027326180120125887,False,False,True,False,True
319,1,1,0.38426740387031916,0.0,0.3333333333333333,0.32179836714362564,False,False,True,True,False
320,1,1,0.49736114601658704,0.125,0.16666666666666666,0.2625265161540666,True,False,False,True,False
321,0,3,0.2711736617240512,0.0,0.0,0.014151057562208049,False,False,True,False,True
322,0,3,0.33400351847197784,0.0,0.0,0.015411575213749286,False,False,True,False,True
323,1,2,0.37170143252073384,0.0,0.0,0.024105594605968193,False,True,False,True,False
324,1,2,0.2711736617240512,0.125,0.16666666666666666,0.056604230248832196,False,False,True,True,False
325,0,3,0.34656948982156316,1.0,0.3333333333333333,0.13575255909676825,False,False,True,False,True
326,1,1,0.4470972606182458,0.0,0.0,0.2647385704347907,True,False,False,True,False
327,0,3,0.7612465443578789,0.0,0.0,0.012174789178520372,False,False,True,False,True
328,1,2,0.4470972606182458,0.0,0.0,0.025374310111545468,False,False,True,True,False
329,1,3,0.38426740387031916,0.125,0.16666666666666666,0.04006213192611313,False,False,True,True,False
330,1,1,0.19577783362653933,0.0,0.16666666666666666,0.11316786160148591,True,False,False,True,False
331,1,3,0.34656948982156316,0.25,0.0,0.04538097769949478,False,True,False,True,False
332,0,1,0.5664739884393064,0.0,0.0,0.055628295244541985,False,False,True,False,True
333,0,1,0.4722292033174164,0.0,0.16666666666666666,0.2995388511917728,False,False,True,False,True
334,0,3,0.19577783362653933,0.25,0.0,0.03513366015444757,False,False,True,False,True
335,1,1,0.34656948982156316,0.125,0.0,0.2608674266467732,False,False,True,True,False
336,0,3,0.34656948982156316,0.0,0.0,0.015411575213749286,False,False,True,False,True
337,0,1,0.35913546117114853,0.125,0.0,0.12999454257145598,False,False,True,False,True
338,1,1,0.5099271173661725,0.0,0.0,0.2625265161540666,True,False,False,True,False
339,1,3,0.5601910027645137,0.0,0.0,0.015712553569072387,False,False,True,False,True
340,0,1,0.5601910027645137,0.0,0.0,0.06929138530460494,False,False,True,False,True
341,1,2,0.01985423473234481,0.125,0.16666666666666666,0.050748620223090936,False,False,True,False,True
342,1,1,0.2963056044232219,0.375,0.3333333333333333,0.5133418122566507,False,False,True,True,False
343,0,2,0.34656948982156316,0.0,0.0,0.025374310111545468,False,False,True,False,True
344,0,2,0.3088715757728072,0.0,0.0,0.025374310111545468,False,False,True,False,True
345,0,2,0.4470972606182458,0.0,0.0,0.025374310111545468,False,False,True,False,True
346,1,2,0.2963056044232219,0.0,0.0,0.025374310111545468,False,False,True,True,False
347,1,2,0.49736114601658704,0.0,0.0,0.025374310111545468,False,False,True,True,False
348,1,3,0.34656948982156316,0.125,0.0,0.031425107138144774,False,False,True,True,False
349,1,3,0.032420206081930136,0.125,0.16666666666666666,0.031034733136428686,False,False,True,False,True
350,0,3,0.5224930887157577,0.0,0.0,0.016908073949327893,False,False,True,False,True
351,0,3,0.2837396330736366,0.0,0.0,0.01800600082915438,False,False,True,False,True
352,0,1,0.34656948982156316,0.0,0.0,0.06831545030031472,False,False,True,False,True
353,0,3,0.18321186227695402,0.125,0.16666666666666666,0.014110458666029575,True,False,False,False,True
354,0,3,0.3088715757728072,0.125,0.0,0.034743286152731485,False,False,True,False,True
355,0,3,0.34656948982156316,0.0,0.0,0.014102260811993537,True,False,False,False,True
356,0,3,0.34656948982156316,0.0,0.0,0.018542765081513996,False,False,True,False,True
357,1,1,0.2711736617240512,0.0,0.16666666666666666,0.10735285047192313,False,False,True,True,False
358,0,2,0.4722292033174164,0.0,0.0,0.025374310111545468,False,False,True,True,False
359,1,3,0.34656948982156316,0.0,0.0,0.01537917417160685,False,True,False,True,False
360,1,3,0.34656948982156316,0.0,0.0,0.01537917417160685,False,True,False,True,False
361,0,3,0.49736114601658704,0.125,0.6666666666666666,0.05445717323939373,False,False,True,False,True
362,0,2,0.35913546117114853,0.125,0.0,0.05410739813385612,True,False,False,False,True
363,0,3,0.5601910027645137,0.0,0.16666666666666666,0.028212719478023115,True,False,False,True,False
364,0,3,0.4345312892686604,0.0,0.0,0.013760683560491965,False,False,True,False,True
365,0,3,0.34656948982156316,0.125,0.0,0.030253985132996517,False,True,False,False,True
366,0,3,0.37170143252073384,0.0,0.0,0.014151057562208049,False,False,True,False,True
367,1,1,0.7486805730082936,0.125,0.0,0.14687821814567664,True,False,False,True,False
368,1,3,0.34656948982156316,0.0,0.0,0.014110458666029575,True,False,False,True,False
369,1,3,0.34656948982156316,0.0,0.0,0.015126992566498259,False,True,False,True,False
370,1,1,0.2963056044232219,0.0,0.0,0.13526459159462315,True,False,False,True,False
371,1,1,0.3088715757728072,0.125,0.0,0.1082149914547131,True,False,False,False,True
372,0,3,0.22090977632571,0.125,0.0,0.012678957201736696,False,False,True,False,True
373,0,3,0.2334757476752953,0.0,0.0,0.015712553569072387,False,False,True,False,True
374,0,1,0.2711736617240512,0.0,0.0,0.2647385704347907,True,False,False,False,True
375,0,3,0.032420206081930136,0.375,0.16666666666666666,0.04113566043083236,False,False,True,True,False
376,1,1,0.34656948982156316,0.125,0.0,0.16038672010106003,True,False,False,True,False
377,1,3,0.2711736617240512,0.0,0.0,0.014151057562208049,False,False,True,True,False
378,0,1,0.33400351847197784,0.0,0.3333333333333333,0.41282050681475896,True,False,False,False,True
379,0,3,0.24604171902488062,0.0,0.0,0.007831878409428937,True,False,False,False,True
380,0,3,0.2334757476752953,0.0,0.0,0.015175789316712771,False,False,True,False,True
381,1,1,0.5224930887157577,0.0,0.0,0.4440992237022602,True,False,False,True,False
382,1,3,0.007288263382759488,0.0,0.3333333333333333,0.030725752114070404,True,False,False,True,False
383,0,3,0.39683337521990447,0.0,0.0,0.015468569817999833,False,False,True,False,True
384,1,1,0.4345312892686604,0.125,0.0,0.10149724044618187,False,False,True,True,False
385,0,3,0.34656948982156316,0.0,0.0,0.015411575213749286,False,False,True,False,True
386,0,2,0.22090977632571,0.0,0.0,0.1434624456306609,False,False,True,False,True
387,0,3,0.007288263382759488,0.625,0.3333333333333333,0.09154270340242172,False,False,True,False,True
388,1,2,0.4470972606182458,0.0,0.0,0.025374310111545468,False,False,True,True,False
389,0,3,0.34656948982156316,0.0,0.0,0.015086393670319786,False,True,False,False,True
390,1,2,0.20834380497612465,0.0,0.0,0.023422440102965045,True,False,False,True,False
391,1,1,0.4470972606182458,0.125,0.3333333333333333,0.23422440102965048,False,False,True,False,True
392,1,3,0.2586076903744659,0.0,0.0,0.015216388212891242,False,False,True,False,True
393,0,3,0.34656948982156316,0.25,0.0,0.015468569817999833,False,False,True,False,True
394,1,1,0.2837396330736366,0.125,0.0,0.22109807522194713,True,False,False,True,False
395,1,3,0.2963056044232219,0.0,0.3333333333333333,0.03259622914329302,False,False,True,True,False
396,0,3,0.2711736617240512,0.0,0.0,0.015216388212891242,False,False,True,False,True
397,0,3,0.38426740387031916,0.0,0.0,0.015330377421392339,False,False,True,True,False
398,0,2,0.5727569741140991,0.0,0.0,0.050748620223090936,False,False,True,False,True
399,0,2,0.2837396330736366,0.0,0.0,0.020494635090094415,False,False,True,False,True
400,1,2,0.34656948982156316,0.0,0.0,0.02469115560854232,False,False,True,True,False
401,1,3,0.4847951746670017,0.0,0.0,0.015468569817999833,False,False,True,False,True
402,0,3,0.32143754712239253,0.0,0.0,0.015712553569072387,False,False,True,False,True
403,0,3,0.2586076903744659,0.125,0.0,0.019177122834302632,False,False,True,True,False
404,0,3,0.34656948982156316,0.125,0.0,0.030937139635999665,False,False,True,False,True
405,0,3,0.24604171902488062,0.0,0.0,0.016908073949327893,False,False,True,True,False
406,0,2,0.4219653179190751,0.125,0.0,0.04098927018018883,False,False,True,False,True
407,0,3,0.6355868308620256,0.0,0.0,0.015126992566498259,False,False,True,False,True
408,1,2,0.032420206081930136,0.125,0.16666666666666666,0.03659756266088288,False,False,True,False,True
409,0,3,0.2586076903744659,0.0,0.0,0.015175789316712771,False,False,True,False,True
410,0,3,0.34656948982156316,0.375,0.16666666666666666,0.049707687947515,False,False,True,True,False
411,0,3,0.34656948982156316,0.0,0.0,0.015411575213749286,False,False,True,False,True
412,0,3,0.34656948982156316,0.0,0.0,0.013386510079847098,False,True,False,False,True
413,1,1,0.4093993465694898,0.125,0.0,0.17566830077223786,False,True,False,True,False
414,0,2,0.34656948982156316,0.0,0.0,0.0,False,False,True,False,True
415,1,3,0.5476250314149284,0.0,0.0,0.015468569817999833,False,False,True,False,True
416,0,3,0.34656948982156316,0.0,0.0,0.015712553569072387,False,False,True,True,False
417,1,2,0.4219653179190751,0.125,0.16666666666666666,0.06343577527886367,False,False,True,True,False
418,1,2,0.22090977632571,0.0,0.3333333333333333,0.025374310111545468,False,False,True,True,False
419,0,2,0.37170143252073384,0.0,0.0,0.025374310111545468,False,False,True,False,True
420,0,3,0.12038200552902739,0.0,0.3333333333333333,0.04713766070721715,False,False,True,True,False
421,0,3,0.34656948982156316,0.0,0.0,0.015411575213749286,True,False,False,False,True
422,0,3,0.2586076903744659,0.0,0.0,0.015094396337354966,False,True,False,False,True
423,0,3,0.35913546117114853,0.0,0.0,0.015370976317570811,False,False,True,False,True
424,0,3,0.34656948982156316,0.125,0.16666666666666666,0.028106928123558056,False,False,True,True,False
425,0,3,0.22090977632571,0.125,0.16666666666666666,0.039452172548431745,False,False,True,False,True
426,0,3,0.34656948982156316,0.0,0.0,0.014151057562208049,False,False,True,False,True
427,1,2,0.34656948982156316,0.125,0.0,0.050748620223090936,False,False,True,True,False
428,1,2,0.2334757476752953,0.0,0.0,0.050748620223090936,False,False,True,True,False
429,0,3,0.34656948982156316,0.0,0.0,0.015126992566498259,False,True,False,False,True
430,1,3,0.39683337521990447,0.0,0.0,0.015712553569072387,False,False,True,False,True
431,1,1,0.34656948982156316,0.0,0.0,0.051822148727810165,False,False,True,False,True
432,1,3,0.34656948982156316,0.125,0.0,0.031425107138144774,False,False,True,True,False
433,1,2,0.5224930887157577,0.125,0.0,0.050748620223090936,False,False,True,True,False
434,0,3,0.20834380497612465,0.0,0.0,0.013907073811135496,False,False,True,False,True
435,0,1,0.6230208595124404,0.125,0.0,0.1091095334796455,False,False,True,False,True
436,1,1,0.17064589092736868,0.125,0.3333333333333333,0.23422440102965048,False,False,True,True,False
437,0,3,0.2586076903744659,0.25,0.3333333333333333,0.06709553154495196,False,False,True,True,False
438,1,2,0.2963056044232219,0.25,0.5,0.03659756266088288,False,False,True,True,False
439,0,1,0.7989444584066349,0.125,0.6666666666666666,0.5133418122566507,False,False,True,False,True
440,0,2,0.38426740387031916,0.0,0.0,0.020494635090094415,False,False,True,False,True
441,1,2,0.5601910027645137,0.125,0.16666666666666666,0.05123658772523604,False,False,True,True,False
442,0,3,0.24604171902488062,0.0,0.0,0.018542765081513996,False,False,True,False,True
443,0,3,0.3088715757728072,0.125,0.0,0.015175789316712771,False,False,True,False,True
444,1,2,0.34656948982156316,0.0,0.0,0.025374310111545468,False,False,True,True,False
445,1,3,0.34656948982156316,0.0,0.0,0.015834545444608664,False,False,True,False,True
446,1,1,0.04498617743151546,0.0,0.3333333333333333,0.15977676072337862,False,False,True,False,True
447,1,2,0.15807991957778336,0.0,0.16666666666666666,0.038061465167318204,False,False,True,True,False
448,1,1,0.4219653179190751,0.0,0.0,0.051822148727810165,False,False,True,False,True
449,1,3,0.05755214878110078,0.25,0.16666666666666666,0.03758969818624431,True,False,False,True,False
450,1,1,0.648152802211611,0.0,0.0,0.05953203526170282,False,False,True,False,True
451,0,2,0.4470972606182458,0.125,0.3333333333333333,0.05416439273810667,False,False,True,False,True
452,0,3,0.34656948982156316,0.125,0.0,0.03897240290032268,False,False,True,False,True
453,0,1,0.37170143252073384,0.0,0.0,0.05416439273810667,True,False,False,False,True
454,1,1,0.610454888162855,0.125,0.0,0.17391981561855152,True,False,False,False,True
455,0,3,0.34656948982156316,0.0,0.0,0.015712553569072387,False,False,True,False,True
456,1,3,0.35913546117114853,0.0,0.0,0.015411575213749286,True,False,False,False,True
457,0,1,0.8115104297562202,0.0,0.0,0.051822148727810165,False,False,True,False,True
458,1,1,0.34656948982156316,0.125,0.0,0.10122885832000206,False,False,True,True,False
459,1,2,0.6230208595124404,0.0,0.0,0.020494635090094415,False,False,True,True,False
460,0,3,0.34656948982156316,0.0,0.0,0.015126992566498259,False,True,False,False,True
461,1,1,0.5978889168132697,0.0,0.0,0.051822148727810165,False,False,True,False,True
462,0,3,0.4219653179190751,0.0,0.0,0.015712553569072387,False,False,True,False,True
463,0,1,0.5853229454636844,0.0,0.0,0.07514699533034619,False,False,True,False,True
464,0,2,0.5978889168132697,0.0,0.0,0.025374310111545468,False,False,True,False,True
465,0,3,0.34656948982156316,0.0,0.0,0.015712553569072387,False,False,True,False,True
466,0,3,0.4722292033174164,0.0,0.0,0.013760683560491965,False,False,True,False,True
467,0,2,0.34656948982156316,0.0,0.0,0.0,False,False,True,False,True
468,0,1,0.6984166876099522,0.0,0.0,0.051822148727810165,False,False,True,False,True
469,0,3,0.34656948982156316,0.0,0.0,0.015078195816283748,False,True,False,False,True
470,1,3,0.0041467705453631576,0.25,0.16666666666666666,0.03758969818624431,True,False,False,True,False
471,0,3,0.34656948982156316,0.0,0.0,0.014151057562208049,False,False,True,False,True
472,0,3,0.4722292033174164,0.0,0.0,0.016908073949327893,False,False,True,False,True
473,1,2,0.4093993465694898,0.125,0.3333333333333333,0.05416439273810667,False,False,True,True,False
474,1,2,0.2837396330736366,0.0,0.0,0.026919605597338588,True,False,False,True,False
475,0,3,0.2711736617240512,0.0,0.0,0.019201521209409888,False,False,True,True,False
476,0,1,0.34656948982156316,0.0,0.0,0.10149724044618187,False,False,True,False,True
477,0,2,0.4219653179190751,0.125,0.0,0.04098927018018883,False,False,True,False,True
478,0,3,0.35913546117114853,0.125,0.0,0.013752485706455927,False,False,True,False,True
479,0,3,0.2711736617240512,0.0,0.0,0.014679623960531627,False,False,True,False,True
480,1,3,0.01985423473234481,0.0,0.16666666666666666,0.023983602730431916,False,False,True,True,False
481,0,3,0.10781603417944208,0.625,0.3333333333333333,0.09154270340242172,False,False,True,False,True
482,0,2,0.34656948982156316,0.0,0.0,0.0,False,False,True,False,True
483,0,3,0.6230208595124404,0.0,0.0,0.015712553569072387,False,False,True,False,True
484,1,3,0.7863784870570495,0.0,0.0,0.018713553707264782,False,False,True,True,False
485,1,1,0.3088715757728072,0.125,0.0,0.17777475888549785,True,False,False,False,True
486,0,3,0.34656948982156316,0.375,0.16666666666666666,0.049707687947515,False,False,True,True,False
487,1,1,0.4345312892686604,0.125,0.0,0.17566830077223786,False,False,True,True,False
488,0,1,0.723548630309123,0.0,0.0,0.057970539254838485,True,False,False,False,True
489,0,3,0.37170143252073384,0.0,0.0,0.015712553569072387,False,False,True,False,True
490,1,3,0.10781603417944208,0.125,0.16666666666666666,0.031034733136428686,False,False,True,False,True
491,0,3,0.34656948982156316,0.125,0.0,0.03897240290032268,False,False,True,False,True
492,0,3,0.2586076903744659,0.0,0.0,0.014151057562208049,False,False,True,False,True
493,0,1,0.685850716260367,0.0,0.0,0.05953203526170282,False,False,True,False,True
494,0,1,0.8869062578537321,0.0,0.0,0.09662576327876685,True,False,False,False,True
495,0,3,0.2586076903744659,0.0,0.0,0.015712553569072387,False,False,True,False,True
496,0,3,0.34656948982156316,0.0,0.0,0.028220722145058292,True,False,False,False,True
497,1,1,0.6732847449107816,0.125,0.0,0.1527664244005612,True,False,False,True,False
498,0,3,0.34656948982156316,0.0,0.0,0.029473237129564348,False,False,True,False,True
499,0,1,0.3088715757728072,0.125,0.3333333333333333,0.29580589980036276,False,False,True,True,False
500,0,3,0.2963056044232219,0.0,0.0,0.015216388212891242,False,False,True,False,True
501,0,3,0.20834380497612465,0.0,0.0,0.016908073949327893,False,False,True,False,True
502,0,3,0.2586076903744659,0.0,0.0,0.015126992566498259,False,True,False,True,False
503,0,3,0.34656948982156316,0.0,0.0,0.014891206669461744,False,True,False,True,False
504,0,3,0.4596632319678311,0.0,0.0,0.018713553707264782,False,False,True,True,False
505,1,1,0.19577783362653933,0.0,0.0,0.16883675574220638,False,False,True,True,False
506,0,1,0.22090977632571,0.125,0.0,0.2125586439344078,True,False,False,False,True
507,1,2,0.4093993465694898,0.0,0.3333333333333333,0.050748620223090936,False,False,True,True,False
508,1,1,0.34656948982156316,0.0,0.0,0.051822148727810165,False,False,True,False,True
509,0,3,0.34656948982156316,0.0,0.0,0.04396587194327397,False,False,True,False,True
510,1,3,0.32143754712239253,0.0,0.0,0.11027245763075773,False,False,True,False,True
511,1,3,0.35913546117114853,0.0,0.0,0.015126992566498259,False,True,False,False,True
512,0,3,0.34656948982156316,0.0,0.0,0.015712553569072387,False,False,True,False,True
513,1,1,0.4470972606182458,0.0,0.0,0.05130978285055781,False,False,True,False,True
514,1,1,0.6732847449107816,0.125,0.0,0.11594107850967697,True,False,False,True,False
515,0,3,0.2963056044232219,0.0,0.0,0.014630827210317117,False,False,True,False,True
516,0,1,0.5853229454636844,0.0,0.0,0.06640417918791278,False,False,True,False,True
517,1,2,0.4219653179190751,0.0,0.0,0.020494635090094415,False,False,True,True,False
518,0,3,0.34656948982156316,0.0,0.0,0.04713766070721715,False,True,False,False,True
519,1,2,0.4470972606182458,0.125,0.0,0.050748620223090936,False,False,True,True,False
520,0,3,0.39683337521990447,0.0,0.0,0.015411575213749286,False,False,True,False,True
521,1,1,0.37170143252073384,0.0,0.0,0.18249984580226933,False,False,True,True,False
522,0,3,0.2711736617240512,0.0,0.0,0.015411575213749286,False,False,True,False,True
523,0,3,0.34656948982156316,0.0,0.0,0.014102260811993537,True,False,False,False,True
524,1,1,0.5476250314149284,0.0,0.16666666666666666,0.11316786160148591,True,False,False,True,False
525,0,3,0.34656948982156316,0.0,0.0,0.014110458666029575,True,False,False,False,True
526,0,3,0.5036441316913798,0.0,0.0,0.015126992566498259,False,True,False,False,True
527,1,2,0.6230208595124404,0.0,0.0,0.020494635090094415,False,False,True,True,False
528,0,1,0.34656948982156316,0.0,0.0,0.4328841690069588,False,False,True,False,True
529,0,3,0.4847951746670017,0.0,0.0,0.015468569817999833,False,False,True,False,True
530,0,2,0.2837396330736366,0.25,0.16666666666666666,0.022446505098674838,False,False,True,False,True
531,1,2,0.01985423473234481,0.125,0.16666666666666666,0.050748620223090936,False,False,True,True,False
532,0,3,0.34656948982156316,0.0,0.0,0.014110458666029575,True,False,False,False,True
533,0,3,0.20834380497612465,0.125,0.16666666666666666,0.014110458666029575,True,False,False,False,True
534,1,3,0.34656948982156316,0.0,0.3333333333333333,0.04364049521284362,True,False,False,True,False
535,0,3,0.37170143252073384,0.0,0.0,0.016908073949327893,False,False,True,True,False
536,1,2,0.08268409148027142,0.0,0.3333333333333333,0.05123658772523604,False,False,True,True,False
537,0,1,0.5601910027645137,0.0,0.0,0.051822148727810165,False,False,True,False,True
538,1,1,0.37170143252073384,0.0,0.0,0.20772776566317125,True,False,False,True,False
539,0,3,0.34656948982156316,0.0,0.0,0.028302115124416098,False,False,True,False,True
540,1,1,0.2711736617240512,0.0,0.3333333333333333,0.09661756542473082,True,False,False,True,False
541,1,1,0.4470972606182458,0.0,0.3333333333333333,0.13858277060920987,False,False,True,True,False
542,0,3,0.10781603417944208,0.5,0.3333333333333333,0.06104473451835265,False,False,True,True,False
543,0,3,0.1329479768786127,0.5,0.3333333333333333,0.06104473451835265,False,False,True,True,False
544,1,2,0.39683337521990447,0.125,0.0,0.050748620223090936,False,False,True,False,True
545,0,1,0.6230208595124404,0.125,0.0,0.20772776566317125,True,False,False,False,True
546,0,1,0.7989444584066349,0.0,0.0,0.050748620223090936,False,False,True,False,True
547,1,2,0.2334757476752953,0.125,0.0,0.050748620223090936,False,False,True,True,False
548,1,2,0.34656948982156316,0.0,0.0,0.02705779799394608,True,False,False,False,True
549,0,3,0.4093993465694898,0.125,0.16666666666666666,0.04006213192611313,False,False,True,False,True
550,1,2,0.09525006282985675,0.125,0.16666666666666666,0.07173122281533045,False,False,True,False,True
551,1,1,0.20834380497612465,0.0,0.3333333333333333,0.21642978772242535,True,False,False,False,True
552,0,2,0.33400351847197784,0.0,0.0,0.050748620223090936,False,False,True,False,True
553,0,3,0.34656948982156316,0.0,0.0,0.015281580671177828,False,True,False,False,True
554,1,3,0.2711736617240512,0.0,0.0,0.014102260811993537,True,False,False,False,True
555,1,3,0.2711736617240512,0.0,0.0,0.015175789316712771,False,False,True,True,False
556,0,1,0.7738125157074642,0.0,0.0,0.051822148727810165,False,False,True,False,True
557,1,1,0.5978889168132697,0.125,0.0,0.07729405233978466,True,False,False,True,False
558,0,1,0.34656948982156316,0.0,0.0,0.4440992237022602,True,False,False,False,True
559,1,1,0.4847951746670017,0.125,0.16666666666666666,0.1554664461834305,False,False,True,True,False
560,1,3,0.4470972606182458,0.125,0.0,0.033962538149299316,False,False,True,True,False
561,0,3,0.34656948982156316,0.0,0.0,0.015126992566498259,False,True,False,False,True
562,0,3,0.49736114601658704,0.0,0.0,0.015411575213749286,False,False,True,False,True
563,0,2,0.34656948982156316,0.0,0.0,0.026350245115835676,False,False,True,False,True
564,0,3,0.34656948982156316,0.0,0.0,0.015712553569072387,False,False,True,False,True
565,0,3,0.34656948982156316,0.0,0.0,0.015712553569072387,False,False,True,True,False
566,0,3,0.2963056044232219,0.25,0.0,0.04713766070721715,False,False,True,False,True
567,0,3,0.2334757476752953,0.0,0.0,0.015411575213749286,False,False,True,False,True
568,0,3,0.35913546117114853,0.0,0.6666666666666666,0.04113566043083236,False,False,True,True,False
569,0,3,0.34656948982156316,0.0,0.0,0.014110458666029575,True,False,False,False,True
570,1,3,0.39683337521990447,0.0,0.0,0.015330377421392339,False,False,True,False,True
571,1,2,0.7738125157074642,0.0,0.0,0.020494635090094415,False,False,True,False,True
572,1,1,0.6607187735611963,0.25,0.0,0.10048070654571319,False,False,True,True,False
573,1,1,0.4470972606182458,0.0,0.0,0.051504969851415845,False,False,True,False,True
574,1,3,0.34656948982156316,0.0,0.0,0.015126992566498259,False,True,False,True,False
575,0,3,0.19577783362653933,0.0,0.0,0.015712553569072387,False,False,True,False,True
576,0,3,0.2334757476752953,0.0,0.0,0.028302115124416098,False,False,True,False,True
577,1,2,0.4219653179190751,0.0,0.0,0.025374310111545468,False,False,True,True,False
578,1,1,0.4847951746670017,0.125,0.0,0.1091095334796455,False,False,True,True,False
579,0,3,0.34656948982156316,0.125,0.0,0.028220722145058292,True,False,False,True,False
580,1,3,0.39683337521990447,0.0,0.0,0.015468569817999833,False,False,True,False,True
581,1,2,0.3088715757728072,0.125,0.16666666666666666,0.05855610025741262,False,False,True,True,False
582,1,1,0.4847951746670017,0.125,0.16666666666666666,0.21642978772242535,True,False,False,True,False
583,0,2,0.6732847449107816,0.0,0.0,0.050748620223090936,False,False,True,False,True
584,0,1,0.4470972606182458,0.0,0.0,0.07831878409428937,True,False,False,False,True
585,0,3,0.34656948982156316,0.0,0.0,0.017005667449756914,True,False,False,False,True
586,1,1,0.22090977632571,0.0,0.3333333333333333,0.1554664461834305,False,False,True,True,False
587,0,2,0.5853229454636844,0.0,0.0,0.02927805012870631,False,False,True,False,True
588,1,1,0.7486805730082936,0.125,0.16666666666666666,0.15458810467956932,True,False,False,False,True
589,0,3,0.2711736617240512,0.0,0.0,0.015712553569072387,False,False,True,False,True
590,0,3,0.34656948982156316,0.0,0.0,0.015712553569072387,False,False,True,False,True
591,0,3,0.4345312892686604,0.0,0.0,0.013907073811135496,False,False,True,False,True
592,1,1,0.648152802211611,0.125,0.0,0.1527664244005612,True,False,False,True,False
593,0,3,0.5853229454636844,0.0,0.0,0.014151057562208049,False,False,True,False,True
594,0,3,0.34656948982156316,0.0,0.3333333333333333,0.015126992566498259,False,True,False,True,False
595,0,2,0.4596632319678311,0.125,0.0,0.050748620223090936,False,False,True,False,True
596,0,3,0.4470972606182458,0.125,0.16666666666666666,0.04713766070721715,False,False,True,False,True
597,1,2,0.34656948982156316,0.0,0.0,0.06441171028315387,False,False,True,True,False
598,0,3,0.610454888162855,0.0,0.0,0.0,False,False,True,False,True
599,0,3,0.34656948982156316,0.0,0.0,0.014102260811993537,True,False,False,False,True
600,1,1,0.610454888162855,0.125,0.0,0.11111839809247648,True,False,False,False,True
601,1,2,0.2963056044232219,0.25,0.16666666666666666,0.05270049023167135,False,False,True,True,False
602,0,3,0.34656948982156316,0.0,0.0,0.015411575213749286,False,False,True,False,True
603,0,1,0.34656948982156316,0.0,0.0,0.08275928836380983,False,False,True,False,True
604,0,3,0.5476250314149284,0.0,0.0,0.015712553569072387,False,False,True,False,True
605,1,1,0.4345312892686604,0.0,0.0,0.051822148727810165,True,False,False,False,True
606,0,3,0.4470972606182458,0.125,0.0,0.030351578633425542,False,False,True,False,True
607,0,3,0.37170143252073384,0.0,0.0,0.015411575213749286,False,False,True,False,True
608,1,1,0.33400351847197784,0.0,0.0,0.05953203526170282,False,False,True,False,True
609,1,2,0.2711736617240512,0.125,0.3333333333333333,0.08115719346076702,True,False,False,True,False
610,1,1,0.49736114601658704,0.0,0.0,0.2995388511917728,False,False,True,True,False
611,0,3,0.4847951746670017,0.125,0.8333333333333333,0.06104473451835265,False,False,True,True,False
612,0,3,0.34656948982156316,0.0,0.0,0.013760683560491965,False,False,True,False,True
613,1,3,0.34656948982156316,0.125,0.0,0.030253985132996517,False,True,False,True,False
614,0,3,0.34656948982156316,0.0,0.0,0.015126992566498259,False,True,False,False,True
615,0,3,0.4345312892686604,0.0,0.0,0.015712553569072387,False,False,True,False,True
616,1,2,0.2963056044232219,0.125,0.3333333333333333,0.12687155055772734,False,False,True,True,False
617,0,3,0.4219653179190751,0.125,0.16666666666666666,0.028106928123558056,False,False,True,False,True
618,0,3,0.32143754712239253,0.125,0.0,0.031425107138144774,False,False,True,True,False
619,1,2,0.04498617743151546,0.25,0.16666666666666666,0.07612293033463641,False,False,True,True,False
620,0,2,0.32143754712239253,0.0,0.0,0.020494635090094415,False,False,True,False,True
621,0,3,0.33400351847197784,0.125,0.0,0.028212719478023115,True,False,False,False,True
622,1,1,0.5224930887157577,0.125,0.0,0.10257896680493714,False,False,True,False,True
623,1,3,0.24604171902488062,0.125,0.16666666666666666,0.030725752114070404,True,False,False,False,True
624,0,3,0.2586076903744659,0.0,0.0,0.015330377421392339,False,False,True,False,True
625,0,3,0.2586076903744659,0.0,0.0,0.031425107138144774,False,False,True,False,True
626,0,1,0.7612465443578789,0.0,0.0,0.06308600017332605,False,False,True,False,True
627,0,2,0.7109826589595376,0.0,0.0,0.024105594605968193,False,True,False,False,True
628,1,1,0.2586076903744659,0.0,0.0,0.15216446768991498,False,False,True,True,False
629,0,3,0.32143754712239253,0.0,0.0,0.015411575213749286,False,False,True,False,True
630,0,3,0.34656948982156316,0.0,0.0,0.015094396337354966,False,True,False,False,True
631,1,1,1.0,0.0,0.0,0.05855610025741262,False,False,True,False,True
632,0,3,0.6355868308620256,0.0,0.0,0.013768881414528002,False,False,True,False,True
633,1,1,0.39683337521990447,0.0,0.0,0.05953203526170282,True,False,False,False,True
634,0,1,0.34656948982156316,0.0,0.0,0.0,False,False,True,False,True
635,0,3,0.10781603417944208,0.375,0.3333333333333333,0.05445717323939373,False,False,True,True,False
636,1,2,0.34656948982156316,0.0,0.0,0.025374310111545468,False,False,True,True,False
637,0,3,0.39683337521990447,0.0,0.0,0.015468569817999833,False,False,True,False,True
638,0,2,0.38426740387031916,0.125,0.16666666666666666,0.05123658772523604,False,False,True,False,True
639,0,3,0.5099271173661725,0.0,0.8333333333333333,0.07746484096553544,False,False,True,True,False
640,0,3,0.34656948982156316,0.125,0.0,0.031425107138144774,False,False,True,False,True
641,0,3,0.24604171902488062,0.0,0.0,0.015330377421392339,False,False,True,False,True
642,1,1,0.2963056044232219,0.0,0.0,0.13526459159462315,True,False,False,True,False
643,0,3,0.01985423473234481,0.375,0.3333333333333333,0.05445717323939373,False,False,True,True,False
644,1,3,0.34656948982156316,0.0,0.0,0.11027245763075773,False,False,True,False,True
645,1,3,0.0041467705453631576,0.25,0.16666666666666666,0.03758969818624431,True,False,False,True,False
646,1,1,0.5978889168132697,0.125,0.0,0.1497654242623688,True,False,False,False,True
647,0,3,0.2334757476752953,0.0,0.0,0.015411575213749286,False,False,True,False,True
648,1,1,0.6984166876099522,0.0,0.0,0.06929138530460494,True,False,False,False,True
649,0,3,0.34656948982156316,0.0,0.0,0.014736618564782174,False,False,True,False,True
650,1,3,0.2837396330736366,0.0,0.0,0.014736618564782174,False,False,True,True,False
651,0,3,0.34656948982156316,0.0,0.0,0.015411575213749286,False,False,True,False,True
652,1,2,0.22090977632571,0.0,0.16666666666666666,0.044893010197349675,False,False,True,True,False
653,0,3,0.2586076903744659,0.0,0.0,0.01646070534336126,False,False,True,False,True
654,1,3,0.34656948982156316,0.0,0.0,0.015281580671177828,False,True,False,True,False
655,0,3,0.22090977632571,0.0,0.0,0.013175122557917838,False,True,False,True,False
656,0,2,0.2963056044232219,0.25,0.0,0.1434624456306609,False,False,True,False,True
657,0,3,0.34656948982156316,0.0,0.0,0.015411575213749286,False,False,True,False,True
658,0,3,0.39683337521990447,0.125,0.16666666666666666,0.030253985132996517,False,True,False,True,False
659,0,2,0.2837396330736366,0.0,0.0,0.025374310111545468,False,False,True,False,True
660,0,1,0.723548630309123,0.0,0.3333333333333333,0.22109807522194713,True,False,False,False,True
661,1,1,0.6230208595124404,0.25,0.0,0.2608674266467732,False,False,True,False,True
662,0,3,0.49736114601658704,0.0,0.0,0.014102260811993537,True,False,False,False,True
663,0,1,0.5853229454636844,0.0,0.0,0.04994347384455151,False,False,True,False,True
664,0,3,0.4470972606182458,0.0,0.0,0.014630827210317117,False,False,True,False,True
665,1,3,0.24604171902488062,0.125,0.0,0.015468569817999833,False,False,True,False,True
666,0,2,0.39683337521990447,0.25,0.0,0.1434624456306609,False,False,True,False,True
667,0,2,0.3088715757728072,0.0,0.0,0.025374310111545468,False,False,True,False,True
668,0,3,0.34656948982156316,0.0,0.0,0.015175789316712771,False,False,True,False,True
669,0,3,0.5350590600653431,0.0,0.0,0.015712553569072387,False,False,True,False,True
670,1,1,0.34656948982156316,0.125,0.0,0.10149724044618187,False,False,True,True,False
671,1,2,0.49736114601658704,0.125,0.16666666666666666,0.07612293033463641,False,False,True,True,False
672,0,1,0.38426740387031916,0.125,0.0,0.10149724044618187,False,False,True,False,True
673,0,2,0.8743402865041467,0.0,0.0,0.020494635090094415,False,False,True,False,True
674,1,2,0.38426740387031916,0.0,0.0,0.025374310111545468,False,False,True,False,True
675,0,2,0.34656948982156316,0.0,0.0,0.0,False,False,True,False,True
676,0,3,0.22090977632571,0.0,0.0,0.015175789316712771,False,False,True,False,True
677,0,3,0.30258859009801453,0.0,0.0,0.015712553569072387,False,False,True,False,True
678,1,3,0.22090977632571,0.0,0.0,0.019209719063445922,False,False,True,True,False
679,0,3,0.5350590600653431,0.125,1.0,0.09154270340242172,False,False,True,True,False
680,1,1,0.4470972606182458,0.0,0.16666666666666666,1.0,True,False,False,False,True
681,0,3,0.34656948982156316,0.0,0.0,0.01588334219482317,False,True,False,True,False
682,1,1,0.33400351847197784,0.0,0.0,0.1497654242623688,True,False,False,False,True
683,0,3,0.24604171902488062,0.0,0.0,0.01800600082915438,False,False,True,False,True
684,0,3,0.17064589092736868,0.625,0.3333333333333333,0.09154270340242172,False,False,True,False,True
685,0,2,0.7486805730082936,0.125,0.16666666666666666,0.07612293033463641,False,False,True,False,True
686,0,2,0.3088715757728072,0.125,0.3333333333333333,0.08115719346076702,True,False,False,False,True
687,0,3,0.17064589092736868,0.5,0.16666666666666666,0.07746484096553544,False,False,True,False,True
688,0,3,0.2334757476752953,0.0,0.0,0.019852079483269742,False,False,True,False,True
689,0,3,0.22090977632571,0.0,0.0,0.015216388212891242,False,False,True,False,True
690,1,1,0.18321186227695402,0.0,0.16666666666666666,0.41250332793836464,False,False,True,True,False
691,1,1,0.38426740387031916,0.125,0.0,0.11125659048908397,False,False,True,False,True
692,1,3,0.04498617743151546,0.0,0.16666666666666666,0.026187654344120927,True,False,False,True,False
693,1,3,0.34656948982156316,0.0,0.0,0.11027245763075773,False,False,True,False,True
694,0,3,0.3088715757728072,0.0,0.0,0.014102260811993537,True,False,False,False,True
695,0,1,0.7486805730082936,0.0,0.0,0.051822148727810165,False,False,True,False,True
696,0,2,0.648152802211611,0.0,0.0,0.026350245115835676,False,False,True,False,True
697,0,3,0.5476250314149284,0.0,0.0,0.015712553569072387,False,False,True,False,True
698,1,3,0.34656948982156316,0.0,0.0,0.015094396337354966,False,True,False,True,False
699,0,1,0.610454888162855,0.125,0.16666666666666666,0.21642978772242535,True,False,False,False,True
700,0,3,0.5224930887157577,0.0,0.0,0.014931805565640218,False,False,True,False,True
701,1,1,0.22090977632571,0.125,0.0,0.4440992237022602,True,False,False,True,False
702,1,1,0.4345312892686604,0.0,0.0,0.05130978285055781,False,False,True,False,True
703,0,3,0.22090977632571,0.0,0.16666666666666666,0.028212719478023115,True,False,False,True,False
704,0,3,0.3088715757728072,0.0,0.0,0.015110792045427042,False,True,False,False,True
705,0,3,0.32143754712239253,0.125,0.0,0.015330377421392339,False,False,True,False,True
706,0,2,0.4847951746670017,0.0,0.0,0.050748620223090936,False,False,True,False,True
707,1,2,0.5601910027645137,0.0,0.0,0.026350245115835676,False,False,True,True,False
708,1,1,0.5224930887157577,0.0,0.0,0.05130978285055781,False,False,True,False,True
709,1,1,0.2711736617240512,0.0,0.0,0.29580589980036276,False,False,True,True,False
710,1,3,0.34656948982156316,0.125,0.16666666666666666,0.029757819776815374,True,False,False,False,True
711,1,1,0.2963056044232219,0.0,0.0,0.09662576327876685,True,False,False,True,False
712,0,1,0.34656948982156316,0.0,0.0,0.051822148727810165,False,False,True,False,True
713,1,1,0.5978889168132697,0.125,0.0,0.10149724044618187,False,False,True,False,True
714,0,3,0.35913546117114853,0.0,0.0,0.018510168852370702,False,False,True,False,True
715,0,2,0.648152802211611,0.0,0.0,0.025374310111545468,False,False,True,False,True
716,0,3,0.2334757476752953,0.0,0.0,0.014931805565640218,False,False,True,False,True
717,1,1,0.4722292033174164,0.0,0.0,0.4440992237022602,True,False,False,True,False
718,1,2,0.33400351847197784,0.0,0.0,0.020494635090094415,False,False,True,True,False
719,0,3,0.34656948982156316,0.0,0.0,0.030253985132996517,False,True,False,False,True
720,0,3,0.4093993465694898,0.0,0.0,0.015175789316712771,False,False,True,False,True
721,1,2,0.0701181201306861,0.0,0.16666666666666666,0.06441171028315387,False,False,True,True,False
722,0,3,0.20834380497612465,0.125,0.0,0.013768881414528002,False,False,True,False,True
723,0,2,0.4219653179190751,0.0,0.0,0.025374310111545468,False,False,True,False,True
724,0,2,0.6230208595124404,0.0,0.0,0.025374310111545468,False,False,True,False,True
725,1,1,0.33400351847197784,0.125,0.0,0.10364429745562033,False,False,True,False,True
726,0,3,0.24604171902488062,0.0,0.0,0.016908073949327893,False,False,True,False,True
727,1,2,0.37170143252073384,0.375,0.0,0.04098927018018883,False,False,True,True,False
728,1,3,0.34656948982156316,0.0,0.0,0.015102594191391004,False,True,False,True,False
729,0,2,0.3088715757728072,0.125,0.0,0.050748620223090936,False,False,True,False,True
730,0,3,0.3088715757728072,0.125,0.0,0.015468569817999833,False,False,True,True,False
731,1,1,0.35913546117114853,0.0,0.0,0.41250332793836464,False,False,True,True,False
732,0,3,0.1329479768786127,0.0,0.0,0.036670757786204655,True,False,False,False,True
733,0,2,0.34656948982156316,0.0,0.0,0.0,False,False,True,False,True
734,0,2,0.2837396330736366,0.0,0.0,0.025374310111545468,False,False,True,False,True
735,0,2,0.2837396330736366,0.0,0.0,0.025374310111545468,False,False,True,False,True
736,0,3,0.35285247549635584,0.0,0.0,0.031425107138144774,False,False,True,False,True
737,0,3,0.5978889168132697,0.125,0.5,0.06709553154495196,False,False,True,True,False
738,1,1,0.4345312892686604,0.0,0.0,1.0,True,False,False,False,True
739,0,3,0.34656948982156316,0.0,0.0,0.015411575213749286,False,False,True,False,True
740,0,3,0.34656948982156316,0.0,0.0,0.015411575213749286,False,False,True,False,True
741,1,1,0.34656948982156316,0.0,0.0,0.05855610025741262,False,False,True,False,True
742,0,1,0.4470972606182458,0.125,0.0,0.15390495017656614,False,False,True,False,True
743,1,1,0.2586076903744659,0.25,0.3333333333333333,0.5121218935012878,True,False,False,True,False
744,0,3,0.2963056044232219,0.125,0.0,0.031425107138144774,False,False,True,False,True
745,1,3,0.38426740387031916,0.0,0.0,0.015468569817999833,False,False,True,False,True
746,0,1,0.8743402865041467,0.125,0.16666666666666666,0.13858277060920987,False,False,True,False,True
747,0,3,0.19577783362653933,0.125,0.16666666666666666,0.03952536767375352,False,False,True,False,True
748,1,2,0.37170143252073384,0.0,0.0,0.025374310111545468,False,False,True,True,False
749,0,1,0.2334757476752953,0.125,0.0,0.10364429745562033,False,False,True,False,True
750,0,3,0.38426740387031916,0.0,0.0,0.015126992566498259,False,True,False,False,True
751,1,2,0.04498617743151546,0.125,0.16666666666666666,0.044893010197349675,False,False,True,True,False
752,1,3,0.0701181201306861,0.0,0.16666666666666666,0.024349578357040744,False,False,True,False,True
753,0,3,0.4093993465694898,0.0,0.0,0.018542765081513996,False,False,True,False,True
754,0,3,0.2837396330736366,0.0,0.0,0.015411575213749286,False,False,True,False,True
755,1,2,0.5978889168132697,0.125,0.3333333333333333,0.12687155055772734,False,False,True,True,False
756,1,2,0.003141492837396331,0.125,0.16666666666666666,0.028302115124416098,False,False,True,False,True
757,0,3,0.34656948982156316,0.0,0.0,0.015216388212891242,False,False,True,False,True
758,0,2,0.22090977632571,0.0,0.0,0.022446505098674838,False,False,True,False,True
759,0,3,0.4219653179190751,0.0,0.0,0.015712553569072387,False,False,True,False,True
760,1,1,0.4093993465694898,0.0,0.0,0.16883675574220638,False,False,True,True,False
761,0,3,0.34656948982156316,0.0,0.0,0.028302115124416098,False,False,True,False,True
762,0,3,0.5099271173661725,0.0,0.0,0.013907073811135496,False,False,True,False,True
763,1,3,0.24604171902488062,0.0,0.0,0.014110458666029575,True,False,False,False,True
764,1,1,0.4470972606182458,0.125,0.3333333333333333,0.23422440102965048,False,False,True,True,False
765,0,3,0.19577783362653933,0.0,0.0,0.015175789316712771,False,False,True,False,True
766,1,1,0.6355868308620256,0.125,0.0,0.15216446768991498,False,False,True,True,False
767,0,1,0.34656948982156316,0.0,0.0,0.07729405233978466,True,False,False,False,True
768,0,3,0.3779844181955265,0.0,0.0,0.015126992566498259,False,True,False,True,False
769,0,3,0.34656948982156316,0.125,0.0,0.04713766070721715,False,True,False,False,True
770,0,3,0.39683337521990447,0.0,0.0,0.016322512946753766,False,False,True,False,True
771,0,3,0.2963056044232219,0.0,0.0,0.018542765081513996,False,False,True,False,True
772,0,3,0.5978889168132697,0.0,0.0,0.015330377421392339,False,False,True,False,True
773,0,2,0.7109826589595376,0.0,0.0,0.020494635090094415,False,False,True,True,False
774,0,3,0.34656948982156316,0.0,0.0,0.014102260811993537,True,False,False,False,True
775,1,2,0.6732847449107816,0.125,0.5,0.044893010197349675,False,False,True,True,False
776,0,3,0.22090977632571,0.0,0.0,0.015126992566498259,False,False,True,False,True
777,0,3,0.34656948982156316,0.0,0.0,0.015126992566498259,False,True,False,False,True
778,1,3,0.05755214878110078,0.0,0.0,0.024349578357040744,False,False,True,True,False
779,0,3,0.34656948982156316,0.0,0.0,0.015102594191391004,False,True,False,False,True
780,1,1,0.5350590600653431,0.0,0.16666666666666666,0.41250332793836464,False,False,True,True,False
781,1,3,0.15807991957778336,0.0,0.0,0.014110458666029575,True,False,False,True,False
782,1,1,0.20834380497612465,0.125,0.0,0.11125659048908397,False,False,True,True,False
783,0,1,0.35913546117114853,0.0,0.0,0.05855610025741262,False,False,True,False,True
784,0,3,0.34656948982156316,0.125,0.3333333333333333,0.04577135170121086,False,False,True,False,True
785,0,3,0.3088715757728072,0.0,0.0,0.013760683560491965,False,False,True,False,True
786,0,3,0.3088715757728072,0.0,0.0,0.014151057562208049,False,False,True,False,True
787,1,3,0.22090977632571,0.0,0.0,0.014630827210317117,False,False,True,True,False
788,0,3,0.09525006282985675,0.5,0.16666666666666666,0.05684821399990475,False,True,False,False,True
789,1,3,0.007288263382759488,0.125,0.3333333333333333,0.04015972542654215,False,False,True,False,True
790,0,1,0.5727569741140991,0.0,0.0,0.15458810467956932,True,False,False,False,True
791,0,3,0.34656948982156316,0.0,0.0,0.015126992566498259,False,True,False,False,True
792,0,2,0.19577783362653933,0.0,0.0,0.050748620223090936,False,False,True,False,True
793,0,3,0.34656948982156316,1.0,0.3333333333333333,0.13575255909676825,False,False,True,True,False
794,0,1,0.34656948982156316,0.0,0.0,0.05991421140938287,True,False,False,False,True
795,0,3,0.3088715757728072,0.0,0.0,0.015411575213749286,False,False,True,False,True
796,0,2,0.4847951746670017,0.0,0.0,0.025374310111545468,False,False,True,False,True
797,1,1,0.610454888162855,0.0,0.0,0.050610427826483444,False,False,True,True,False
798,1,3,0.38426740387031916,0.0,0.0,0.016948672845506364,False,False,True,True,False
799,0,3,0.37170143252073384,0.0,0.0,0.014110458666029575,True,False,False,False,True
800,0,3,0.37170143252073384,0.125,0.16666666666666666,0.04713766070721715,False,False,True,True,False
801,0,2,0.4219653179190751,0.0,0.0,0.025374310111545468,False,False,True,False,True
802,1,2,0.38426740387031916,0.125,0.16666666666666666,0.05123658772523604,False,False,True,True,False
803,1,1,0.1329479768786127,0.125,0.3333333333333333,0.23422440102965048,False,False,True,False,True
804,1,3,0.0,0.0,0.16666666666666666,0.016623491302076868,True,False,False,False,True
805,1,3,0.33400351847197784,0.0,0.0,0.013614293309848433,False,False,True,False,True
806,0,3,0.38426740387031916,0.0,0.0,0.015175789316712771,False,False,True,False,True
807,0,1,0.4847951746670017,0.0,0.0,0.0,False,False,True,False,True
808,0,3,0.22090977632571,0.0,0.0,0.015175789316712771,False,False,True,True,False
809,0,2,0.4847951746670017,0.0,0.0,0.025374310111545468,False,False,True,False,True
810,1,1,0.4093993465694898,0.125,0.0,0.10364429745562033,False,False,True,True,False
811,0,3,0.32143754712239253,0.0,0.0,0.015395374692678068,False,False,True,False,True
812,0,3,0.4847951746670017,0.0,0.0,0.04713766070721715,False,False,True,False,True
813,0,2,0.4345312892686604,0.0,0.0,0.020494635090094415,False,False,True,False,True
814,0,3,0.0701181201306861,0.5,0.3333333333333333,0.06104473451835265,False,False,True,True,False
815,0,3,0.3779844181955265,0.0,0.0,0.015712553569072387,False,False,True,False,True
816,0,1,0.34656948982156316,0.0,0.0,0.0,False,False,True,False,True
817,0,3,0.2837396330736366,0.0,0.0,0.015468569817999833,False,False,True,True,False
818,0,2,0.38426740387031916,0.125,0.16666666666666666,0.07222738817151159,True,False,False,False,True
819,0,3,0.5350590600653431,0.0,0.0,0.012589561555343713,False,False,True,False,True
820,0,3,0.12038200552902739,0.375,0.3333333333333333,0.05445717323939373,False,False,True,False,True
821,1,1,0.648152802211611,0.125,0.16666666666666666,0.18249984580226933,False,False,True,True,False
822,1,3,0.33400351847197784,0.0,0.0,0.016908073949327893,False,False,True,False,True
823,0,1,0.4722292033174164,0.0,0.0,0.0,False,False,True,False,True
824,1,3,0.33400351847197784,0.0,0.16666666666666666,0.024349578357040744,False,False,True,True,False
825,0,3,0.01985423473234481,0.5,0.16666666666666666,0.07746484096553544,False,False,True,False,True
826,0,3,0.34656948982156316,0.0,0.0,0.013565496559633922,False,True,False,False,True
827,0,3,0.34656948982156316,0.0,0.0,0.11027245763075773,False,False,True,False,True
828,1,2,0.007288263382759488,0.0,0.3333333333333333,0.07222738817151159,True,False,False,False,True
829,1,3,0.34656948982156316,0.0,0.0,0.015126992566498259,False,True,False,False,True
831,1,3,0.18321186227695402,0.125,0.0,0.028212719478023115,True,False,False,True,False
832,1,2,0.005152048253329982,0.125,0.16666666666666666,0.03659756266088288,False,False,True,False,True
833,0,3,0.34656948982156316,0.0,0.0,0.014110458666029575,True,False,False,False,True
834,0,3,0.2837396330736366,0.0,0.0,0.015330377421392339,False,False,True,False,True
835,0,3,0.22090977632571,0.0,0.0,0.016200521071217493,False,False,True,False,True
836,1,1,0.4847951746670017,0.125,0.16666666666666666,0.16231419173453318,True,False,False,True,False
837,0,3,0.2586076903744659,0.0,0.0,0.016908073949327893,False,False,True,False,True
838,0,3,0.34656948982156316,0.0,0.0,0.015712553569072387,False,False,True,False,True
839,1,3,0.39683337521990447,0.0,0.0,0.11027245763075773,False,False,True,False,True
840,1,1,0.34656948982156316,0.0,0.0,0.057970539254838485,True,False,False,False,True
841,0,3,0.24604171902488062,0.0,0.0,0.015468569817999833,False,False,True,False,True
842,0,2,0.19577783362653933,0.0,0.0,0.020494635090094415,False,False,True,False,True
843,1,1,0.37170143252073384,0.0,0.0,0.060507970265993034,True,False,False,True,False
844,0,3,0.4282483035938678,0.0,0.0,0.012565163180236457,True,False,False,False,True
845,0,3,0.20834380497612465,0.0,0.0,0.016908073949327893,False,False,True,False,True
846,0,3,0.5224930887157577,0.0,0.0,0.014736618564782174,False,False,True,False,True
847,0,3,0.34656948982156316,1.0,0.3333333333333333,0.13575255909676825,False,False,True,False,True
848,0,3,0.4345312892686604,0.0,0.0,0.015411575213749286,True,False,False,False,True
849,0,2,0.34656948982156316,0.0,0.16666666666666666,0.06441171028315387,False,False,True,False,True
850,1,1,0.34656948982156316,0.125,0.0,0.17391981561855152,True,False,False,True,False
851,0,3,0.04498617743151546,0.5,0.3333333333333333,0.06104473451835265,False,False,True,False,True
852,0,3,0.9246041719024881,0.0,0.0,0.015175789316712771,False,False,True,False,True
853,0,3,0.10781603417944208,0.125,0.16666666666666666,0.029757819776815374,True,False,False,True,False
854,1,1,0.19577783362653933,0.0,0.16666666666666666,0.07690367833806856,False,False,True,True,False
855,0,2,0.5476250314149284,0.125,0.0,0.050748620223090936,False,False,True,True,False
856,1,3,0.22090977632571,0.0,0.16666666666666666,0.018249984580226933,False,False,True,True,False
857,1,1,0.5601910027645137,0.125,0.16666666666666666,0.32179836714362564,False,False,True,True,False
858,1,1,0.6355868308620256,0.0,0.0,0.051822148727810165,False,False,True,False,True
859,1,3,0.2963056044232219,0.0,0.5,0.03758969818624431,True,False,False,True,False
860,0,3,0.34656948982156316,0.0,0.0,0.014110458666029575,True,False,False,False,True
861,0,3,0.5099271173661725,0.25,0.0,0.027537567642055148,False,False,True,False,True
862,0,2,0.2586076903744659,0.125,0.0,0.022446505098674838,False,False,True,False,True
863,1,1,0.5978889168132697,0.0,0.0,0.050610427826483444,False,False,True,True,False
864,0,3,0.34656948982156316,1.0,0.3333333333333333,0.13575255909676825,False,False,True,True,False
865,0,2,0.2963056044232219,0.0,0.0,0.025374310111545468,False,False,True,False,True
866,1,2,0.5224930887157577,0.0,0.0,0.025374310111545468,False,False,True,True,False
867,1,2,0.33400351847197784,0.125,0.0,0.027049600139910042,True,False,False,True,False
868,0,1,0.38426740387031916,0.0,0.0,0.09856123757927521,False,False,True,False,True
869,0,3,0.34656948982156316,0.0,0.0,0.018542765081513996,False,False,True,False,True
870,1,3,0.04498617743151546,0.125,0.16666666666666666,0.021730754366528396,False,False,True,False,True
871,0,3,0.32143754712239253,0.0,0.0,0.015411575213749286,False,False,True,False,True
872,1,1,0.5853229454636844,0.125,0.16666666666666666,0.10257896680493714,False,False,True,True,False
873,0,1,0.4093993465694898,0.0,0.0,0.009759350042902102,False,False,True,False,True
874,0,3,0.5853229454636844,0.0,0.0,0.017566830077223785,False,False,True,False,True
875,1,2,0.34656948982156316,0.125,0.0,0.04684488020593009,True,False,False,True,False
876,1,3,0.18321186227695402,0.0,0.0,0.014102260811993537,True,False,False,True,False
877,0,3,0.24604171902488062,0.0,0.0,0.019217721730481106,False,False,True,False,True
878,0,3,0.2334757476752953,0.0,0.0,0.015411575213749286,False,False,True,False,True
879,0,3,0.34656948982156316,0.0,0.0,0.015411575213749286,False,False,True,False,True
880,1,1,0.6984166876099522,0.0,0.16666666666666666,0.16231419173453318,True,False,False,True,False
881,1,2,0.3088715757728072,0.0,0.16666666666666666,0.050748620223090936,False,False,True,True,False
882,0,3,0.4093993465694898,0.0,0.0,0.015411575213749286,False,False,True,False,True
883,0,3,0.2711736617240512,0.0,0.0,0.02052723131923771,False,False,True,True,False
884,0,2,0.34656948982156316,0.0,0.0,0.020494635090094415,False,False,True,False,True
885,0,3,0.3088715757728072,0.0,0.0,0.013760683560491965,False,False,True,False,True
886,0,3,0.4847951746670017,0.0,0.8333333333333333,0.05684821399990475,False,True,False,True,False
887,0,2,0.33400351847197784,0.0,0.0,0.025374310111545468,False,False,True,False,True
888,1,1,0.2334757476752953,0.0,0.0,0.05855610025741262,False,False,True,True,False
889,0,3,0.34656948982156316,0.125,0.3333333333333333,0.04577135170121086,False,False,True,True,False
890,1,1,0.32143754712239253,0.0,0.0,0.05855610025741262,True,False,False,False,True
891,0,3,0.39683337521990447,0.0,0.0,0.015126992566498259,False,True,False,False,True
